"Rank","Player","TACKLE","ASSIST","SACK","PD","INT","FF","FR","DEF TD","G","FPTS","FPTS/G","ROST"
"1","Jalen Pitre (HOU)","99","48","1","8","5","0","0","0","17","238.5","14.0","73.2%"
"2","L'Jarius Sneed (KC)","75","33","3.5","11","3","3","1","0","17","211.5","12.4","69.2%"
"3","Rayshawn Jenkins (JAC)","71","41","1","12","3","3","0","1","17","200.3","11.8","55.3%"
"4","Jalen Ramsey (MIA)","64","24","2","18","4","3","1","0","17","195.4","11.5","61.1%"
"5","Derwin James Jr. (LAC)","64","51","4","6","2","2","0","0","14","190.1","13.6","75.5%"
"6","Talanoa Hufanga (SF)","65","30","2","9","4","2","0","1","17","188.6","11.1","50.0%"
"7","Donovan Wilson (DAL)","75","23","5","2","1","2","1","0","17","187.7","11.0","27.9%"
"8","Julian Love (SEA)","74","41","1","5","2","0","1","0","16","182.7","11.4","28.0%"
"9","Richie Grant (ATL)","69","53","0","7","2","1","1","0","17","179.8","10.6","42.7%"
"10","Jaquan Brisker (CHI)","73","31","4","2","1","1","1","0","15","177.6","11.8","36.0%"
"11","Grant Delpit (CLE)","68","33","0","10","4","0","0","0","17","172.2","10.1","23.9%"
"12","Minkah Fitzpatrick (PIT)","56","40","0","11","6","0","0","1","15","169.3","11.3","67.4%"
"13","Jonathan Owens (GB)","85","40","1","4","0","0","0","0","17","167.9","9.9","16.7%"
"14","Budda Baker (ARI)","75","36","0","7","2","1","0","0","15","166.9","11.1","63.1%"
"15","Desmond King II (HOU)","59","29","0","8","2","0","2","0","17","165.5","9.7","14.4%"
"16","Jalen Thompson (ARI)","78","31","0","8","1","0","1","0","17","164.2","9.7","23.8%"
"17","John Johnson III (FA)","70","26","0.5","4","1","2","2","0","17","164.0","9.6","3.2%"
"18","Rodney McLeod Jr. (CLE)","56","36","0","8","2","0","1","1","16","163.5","10.2","3.0%"
"19","Tyrann Mathieu (NO)","64","27","1","8","3","1","1","0","17","163.0","9.6","22.6%"
"20","Rasul Douglas (GB)","63","13","1","13","4","1","0","0","17","162.0","9.5","13.7%"
"21","Jevon Holland (MIA)","76","17","1.5","7","2","1","0","0","17","160.1","9.4","25.1%"
"22","Kevin Byard (TEN)","68","38","0","6","4","0","0","0","17","159.9","9.4","32.9%"
"23","Harrison Smith (MIN)","66","18","0","10","5","1","0","0","14","159.3","11.4","30.7%"
"24","Adrian Amos (NYJ)","70","26","1","5","1","0","0","0","17","158.8","9.3","6.7%"
"25","Vonn Bell (CAR)","54","25","1","7","4","2","1","0","17","156.6","9.2","16.6%"
"26","Taron Johnson (BUF)","68","22","0","9","1","0","1","0","17","156.3","9.2","29.6%"
"27","Kyle Dugger (NE)","46","23","1","8","3","1","1","3","15","156.2","10.4","35.7%"
"28","DeShon Elliott (MIA)","72","23","0","3","1","1","1","0","14","155.4","11.1","21.1%"
"29","Antoine Winfield Jr. (TB)","64","16","4","3","1","1","0","0","13","155.3","11.9","36.8%"
"30","C.J. Gardner-Johnson (DET)","61","6","1","8","6","0","0","0","13","154.8","11.9","25.6%"
"31","Tyson Campbell (JAC)","55","15","0","15","3","1","2","1","17","154.5","9.1","9.4%"
"32","Riq Woolen (SEA)","46","17","0","16","6","0","2","1","17","152.9","9.0","26.4%"
"33","Darrick Forrest (WAS)","54","30","0","9","4","2","1","0","17","152.0","8.9","9.7%"
"34","Marlon Humphrey (BAL)","53","18","3","7","3","1","2","0","16","150.2","9.4","21.0%"
"35","Jayron Kearse (DAL)","55","22","2","5","1","1","2","0","14","149.3","10.7","12.3%"
"36","Jonathan Jones (NE)","55","13","0","11","4","3","0","1","16","147.2","9.2","8.8%"
"37","Mike Jackson Sr. (SEA)","62","12","0","12","1","0","2","0","17","146.9","8.6","6.4%"
"38","Charvarius Ward (SF)","59","28","0","11","1","1","1","0","17","146.9","8.6","31.0%"
"39","Patrick Peterson (PIT)","56","10","0","15","5","0","0","0","17","146.8","8.6","12.2%"
"40","Justin Simmons (DEN)","42","27","0","7","6","3","1","0","12","145.1","12.1","33.2%"
"41","Eddie Jackson (CHI)","59","21","0","6","4","2","0","0","12","144.2","12.0","34.7%"
"42","Duron Harmon (FA)","63","23","0","5","2","2","0","1","17","143.6","8.4","4.9%"
"43","Marcus Epps (LV)","68","24","0","6","0","1","0","0","17","143.4","8.4","7.3%"
"44","Jordan Whitehead (NYJ)","58","31","0","8","2","0","0","0","17","142.8","8.4","9.8%"
"45","Taylor Rapp (BUF)","58","34","0","6","2","0","1","0","16","141.0","8.8","5.0%"
"46","Damar Hamlin (BUF)","61","28","1.5","2","0","1","0","0","16","140.9","8.8","4.9%"
"47","Sauce Gardner (NYJ)","51","24","0","20","2","0","0","0","17","140.8","8.3","54.2%"
"48","Kerby Joseph (DET)","53","21","0","8","4","2","1","0","17","139.5","8.2","7.0%"
"49","Kader Kohou (MIA)","63","9","0","10","1","1","0","0","15","137.9","9.2","4.1%"
"50","Roger McCreary (TEN)","70","14","0","8","1","0","0","0","17","137.8","8.1","11.6%"
"51","D.J. Reed Jr. (NYJ)","63","17","0","12","1","1","0","0","17","137.1","8.1","11.8%"
"52","Chuck Clark (NYJ)","61","40","0","4","0","1","1","0","17","135.7","8.0","6.5%"
"53","Mike Edwards (KC)","52","30","1","3","2","0","0","1","13","132.8","10.2","4.8%"
"54","Coby Bryant (SEA)","52","18","2","4","0","4","0","0","17","132.0","7.8","3.4%"
"55","Kyler Gordon (CHI)","55","16","0","6","3","1","1","0","14","131.8","9.4","9.2%"
"56","Denzel Ward (CLE)","42","11","0","15","3","0","2","2","14","131.5","9.4","13.5%"
"57","Nick Scott (CIN)","54","29","0","5","2","2","0","0","16","131.3","8.2","4.5%"
"58","Jaire Alexander (GB)","43","13","0","14","5","0","0","0","16","130.6","8.2","21.3%"
"59","Deommodore Lenoir (SF)","54","23","1","5","1","0","0","0","17","130.2","7.7","5.5%"
"60","Devin McCourty (FA)","54","17","0","8","4","0","1","0","17","130.1","7.7","4.4%"
"61","Kareem Jackson (DEN)","55","39","0","3","0","0","2","0","17","129.8","7.6","4.6%"
"62","Andre Cisco (JAC)","46","24","1","10","3","0","0","1","15","129.8","8.7","7.0%"
"63","Jeff Okudah (ATL)","59","14","0","7","1","1","0","1","15","129.8","8.7","14.4%"
"64","Jordan Poyer (BUF)","45","20","0","8","4","1","0","0","13","128.8","9.9","29.7%"
"65","Juan Thornhill (CLE)","43","28","1","9","3","0","0","0","16","128.4","8.0","3.4%"
"66","Quandre Diggs (SEA)","50","21","0","7","4","1","0","0","17","128.0","7.5","6.7%"
"67","Kamren Curl (WAS)","58","26","1","0","0","0","0","0","12","125.7","10.5","27.3%"
"68","Carlton Davis III (TB)","52","11","0","12","1","1","1","0","13","125.1","9.6","19.0%"
"69","Justin Reid (KC)","59","22","1","7","0","0","0","0","17","124.8","7.3","30.8%"
"70","Camryn Bynum (MIN)","49","31","0","6","2","0","2","0","17","124.3","7.3","3.2%"
"71","Jaylinn Hawkins (ATL)","43","38","0","6","2","1","0","1","16","122.5","7.7","26.4%"
"72","Nate Hobbs (LV)","57","15","1","4","0","1","1","0","11","122.5","11.1","27.2%"
"73","Ryan Neal (TB)","45","21","1","8","1","2","0","0","12","122.5","10.2","12.2%"
"74","Jessie Bates III (ATL)","39","33","0","8","4","1","0","0","17","122.3","7.2","14.4%"
"75","Marco Wilson (ARI)","44","14","0","10","3","1","0","1","14","122.0","8.7","7.1%"
"76","Trevon Diggs (DAL)","50","9","0","14","3","0","1","0","17","121.8","7.2","31.6%"
"77","Xavier Woods (CAR)","53","33","0","6","0","0","2","0","15","121.5","8.1","4.1%"
"78","Marcus Williams (BAL)","44","17","0","8","4","0","1","0","10","120.0","12.0","16.6%"
"79","Tashaun Gipson Sr. (SF)","43","18","0.5","8","5","0","0","0","17","119.8","7.0","2.4%"
"80","Michael Davis (LAC)","47","14","1","15","1","0","0","0","16","117.8","7.4","2.0%"
"81","Bobby McCain (NYG)","53","23","0","5","0","1","0","0","17","116.2","6.8","1.7%"
"82","Stephon Gilmore (DAL)","53","13","0","11","2","0","0","0","16","116.2","7.3","8.2%"
"83","Kendall Fuller (WAS)","36","16","0","13","3","0","0","2","16","115.5","7.2","5.1%"
"84","Dane Jackson (BUF)","49","9","0","12","2","1","0","0","16","115.1","7.2","1.8%"
"85","Martin Emerson Jr. (CLE)","51","12","1","15","0","0","0","0","17","114.8","6.8","4.3%"
"86","Michael Carter II (NYJ)","49","13","0","9","2","0","0","0","17","114.5","6.7","1.0%"
"87","Malik Hooker (DAL)","44","18","0","3","3","0","1","1","16","114.3","7.1","2.2%"
"88","James Bradberry (PHI)","39","5","0","17","3","0","0","1","17","114.0","6.7","7.5%"
"89","Pat Surtain II (DEN)","46","13","0","10","2","1","0","0","17","113.0","6.6","20.0%"
"90","Asante Samuel Jr. (LAC)","48","9","0","11","2","0","1","0","17","112.0","6.6","7.5%"
"91","Mike Hilton (CIN)","52","12","0","6","1","0","0","0","16","111.5","7.0","6.3%"
"92","CJ Henderson (CAR)","50","8","0","6","2","1","0","0","16","109.3","6.8","1.5%"
"93","Jeremy Chinn (CAR)","51","19","1","6","0","0","0","0","10","108.9","10.9","34.2%"
"94","Darius Slay (PHI)","40","15","0","14","3","0","0","0","16","107.5","6.7","11.0%"
"95","Kenny Moore II (IND)","50","15","1","4","0","0","0","0","13","106.6","8.2","22.8%"
"96","Terrell Edmunds (PHI)","41","29","2","5","0","0","0","0","15","106.5","7.1","5.8%"
"97","DaRon Bland (DAL)","36","16","0","7","5","0","0","0","13","104.2","8.0","4.2%"
"98","Eric Rowe (CAR)","42","14","2","2","0","2","0","0","14","102.7","7.3","0.9%"
"99","Damarri Mathis (DEN)","54","11","0","7","0","0","0","0","14","102.6","7.3","5.3%"
"100","Darnell Savage Jr. (GB)","42","15","0","5","1","0","1","1","16","101.9","6.4","3.3%"
"101","Kyle Hamilton (BAL)","41","14","2","5","0","1","0","0","16","101.8","6.4","42.8%"
"102","Marcus Peters (FA)","35","12","1","6","1","2","2","0","13","100.9","7.8","1.0%"
"103","Levi Wallace (PIT)","33","15","0","13","4","0","0","0","15","100.7","6.7","2.3%"
"104","Xavien Howard (MIA)","35","10","0","12","1","0","2","1","15","99.8","6.7","8.1%"
"105","Paulson Adebo (NO)","51","9","0","7","0","0","0","0","13","98.8","7.6","3.2%"
"106","Cameron Sutton (DET)","35","8","0","15","3","0","0","0","16","98.7","6.2","3.0%"
"107","Jaycee Horn (CAR)","37","16","0","7","3","0","0","0","13","98.4","7.6","11.3%"
"108","Myles Bryant (NE)","44","24","0","6","1","0","0","0","17","98.3","5.8","1.0%"
"109","Fabian Moreau (FA)","47","16","0","10","0","0","0","0","14","97.8","7.0","0.7%"
"110","Troy Hill (FA)","45","22","0","4","1","0","0","0","12","97.7","8.1","0.7%"
"111","Chandon Sullivan (PIT)","44","15","0","7","0","0","1","0","17","97.1","5.7","0.4%"
"112","Nasir Adderley (FA)","38","23","0","4","2","1","0","0","16","97.0","6.1","0.7%"
"113","Amik Robertson (LV)","29","9","1","9","2","1","1","1","15","97.0","6.5","0.9%"
"114","Adoree' Jackson (NYG)","40","11","0","7","0","1","2","0","10","96.0","9.6","20.2%"
"115","Bryce Callahan (FA)","34","13","0","6","3","0","0","1","15","96.0","6.4","0.4%"
"116","Darious Williams (JAC)","35","18","0","16","0","0","0","0","17","95.5","5.6","2.9%"
"117","Jamel Dean (TB)","41","12","0","8","2","0","0","0","15","95.4","6.4","3.6%"
"118","Steven Nelson (HOU)","39","13","1","7","1","1","0","0","14","94.8","6.8","1.5%"
"119","Cameron Dantzler Sr. (BUF)","45","5","0","5","0","1","1","0","10","94.4","9.4","1.1%"
"120","Will Harris (DET)","40","13","0","4","1","1","1","0","15","94.1","6.3","1.1%"
"121","Lamarcus Joyner (FA)","30","27","0","6","3","0","1","0","14","93.7","6.7","0.3%"
"122","Keanu Neal (PIT)","39","22","0.5","4","1","0","0","0","16","93.3","5.8","2.5%"
"123","Andrew Adams (FA)","42","18","0","3","1","0","0","1","13","92.3","7.1","2.4%"
"124","Kristian Fulton (TEN)","35","13","0","5","1","1","1","0","11","90.7","8.2","3.8%"
"125","Avonte Maddox (PHI)","28","15","1","3","1","3","1","0","9","90.4","10.0","2.7%"
"126","Jaylen Watson (KC)","37","9","0","6","1","0","0","1","15","90.0","6.0","2.5%"
"127","Cam Taylor-Britt (CIN)","42","14","0","6","0","1","0","0","11","89.3","8.1","11.0%"
"128","Myles Hartsfield (SF)","44","14","0","2","0","1","0","0","15","89.0","5.9","1.0%"
"129","Jerry Jacobs (DET)","36","5","1","8","1","0","0","0","11","88.8","8.1","2.2%"
"130","Alohi Gilman (LAC)","34","21","0","3","1","1","2","0","15","88.7","5.9","2.6%"
"131","Divine Deablo (LV)","38","36","0","1","0","0","0","0","8","88.3","11.0","31.6%"
"132","Adrian Phillips (NE)","36","27","0","3","0","0","0","0","17","86.8","5.1","3.8%"
"133","Marcus Jones (NE)","32","4","0","7","2","0","1","1","15","86.7","5.8","38.1%"
"134","Julian Blackmon (IND)","33","13","1","2","1","0","1","1","14","86.4","6.2","3.6%"
"135","Benjamin St-Juste (WAS)","34","8","2","7","0","1","0","0","12","84.9","7.1","1.5%"
"136","Arthur Maulet (FA)","30","16","2","3","1","1","0","0","17","83.9","4.9","1.1%"
"137","Amani Hooker (TEN)","39","7","0","3","1","1","1","0","10","83.9","8.4","6.3%"
"138","Marcus Maye (NO)","42","18","0","2","0","1","0","0","10","83.8","8.4","7.5%"
"139","A.J. Terrell (ATL)","36","11","0","9","0","0","1","0","14","82.5","5.9","9.1%"
"140","Jimmie Ward (HOU)","34","10","0","4","3","0","0","0","11","82.2","7.5","18.3%"
"141","Tre'von Moehrig (LV)","37","18","0","5","0","0","0","0","15","81.8","5.5","2.3%"
"142","Jack Jones (NE)","25","5","0","6","2","1","1","1","13","81.8","6.3","1.1%"
"143","Alontae Taylor (FA)","38","7","0","11","0","0","0","0","11","81.3","7.4","1.5%"
"144","K'Waun Williams (DEN)","30","14","1","7","1","0","0","0","14","80.2","5.7","1.6%"
"145","Rudy Ford (GB)","29","11","0","3","3","1","1","0","14","79.5","5.7","1.4%"
"146","Eli Apple (FA)","36","14","0","8","0","0","0","0","16","79.2","5.0","0.1%"
"147","Johnathan Abram (NO)","41","17","0","3","0","0","0","0","13","78.9","6.1","2.1%"
"148","Jason Pinnock (NYG)","33","7","1.5","3","0","1","1","0","14","78.5","5.6","0.1%"
"149","Byron Murphy Jr. (MIN)","29","7","0.5","4","0","0","2","1","9","78.4","8.7","6.2%"
"150","Brandon Jones (MIA)","26","23","2","3","0","1","0","0","8","75.5","9.4","3.8%"
"151","Trent McDuffie (KC)","28","16","1","7","0","1","0","0","11","75.3","6.8","17.2%"
"152","Derek Stingley Jr. (HOU)","35","8","1","5","1","0","0","0","9","75.1","8.3","11.6%"
"153","Xavier McKinney (NYG)","28","16","1","5","0","1","0","0","9","74.7","8.3","22.7%"
"154","Nick McCloud (NYG)","31","8","1.5","7","0","0","0","0","13","74.2","5.7","0.7%"
"155","Donte Jackson (CAR)","32","3","0","3","2","0","0","1","10","73.4","7.3","2.3%"
"156","Anthony Brown (FA)","33","9","0","7","0","1","0","0","12","73.3","6.1","0.8%"
"157","Rock Ya-Sin (BAL)","37","8","0","7","0","0","0","0","11","72.3","6.6","1.1%"
"158","Isaiah Oliver (SF)","24","12","1","7","1","0","0","0","10","72.1","7.2","1.7%"
"159","Darnay Holmes (NYG)","28","10","0","8","0","1","0","0","14","70.7","5.1","1.4%"
"160","Terrance Mitchell (FA)","31","8","0","4","1","1","0","0","11","70.2","6.4","0.0%"
"161","Jabrill Peppers (NE)","29","23","0","0","0","0","1","0","16","70.1","4.4","3.9%"
"162","Amani Oruwariye (NYG)","35","8","0","3","0","0","1","0","11","69.7","6.3","0.8%"
"163","Antonio Hamilton Sr. (ARI)","36","4","0","5","1","0","0","0","10","69.6","7.0","1.6%"
"164","Mike Hughes (ATL)","32","16","0","1","0","0","0","0","14","69.4","5.0","1.2%"
"165","Darren Hall (ATL)","28","16","0","3","0","1","1","0","13","69.4","5.3","0.4%"
"166","Kaiir Elam (BUF)","28","11","0","4","2","0","0","0","12","68.9","5.7","3.6%"
"167","Jaylon Johnson (CHI)","28","7","0","7","0","1","1","0","10","68.5","6.9","4.6%"
"168","Joshua Williams (KC)","28","11","0","7","1","0","0","0","13","68.5","5.3","1.5%"
"169","Bradley Roby (NO)","29","7","0","5","0","0","2","0","13","67.0","5.2","1.3%"
"170","Tre Herndon (JAC)","27","7","0","5","0","1","1","0","11","66.4","6.0","1.5%"
"171","Greg Newsome II (CLE)","31","11","0.5","6","0","0","0","0","15","66.2","4.4","3.4%"
"172","Logan Ryan (FA)","24","13","0","3","1","1","1","0","9","65.9","7.3","1.8%"
"173","Derion Kendrick (LAR)","36","7","0","4","0","0","0","0","10","65.5","6.6","2.6%"
"174","Dane Belton (NYG)","23","7","0","3","2","0","2","0","9","65.0","7.2","0.4%"
"175","Jalen Mills (NE)","26","5","0","5","2","0","0","0","10","62.9","6.3","1.0%"
"176","Brandon Stephens (BAL)","31","5","0.5","7","0","0","0","0","11","62.9","5.7","0.0%"
"177","Joshua Kalu (FA)","20","18","0","5","1","1","0","0","14","62.7","4.5","0.3%"
"178","Danny Johnson (WAS)","20","9","1","9","1","0","0","0","7","61.9","8.8","0.3%"
"179","Sean Murphy-Bunting (TEN)","17","10","0","7","2","1","0","0","10","60.2","6.0","3.2%"
"180","Geno Stone (BAL)","32","3","0","1","0","1","1","0","12","59.9","5.0","1.7%"
"181","Chidobe Awuzie (CIN)","29","6","0","5","0","1","0","0","9","59.6","6.6","13.4%"
"182","Kindle Vildor (CHI)","21","13","0","5","1","0","0","0","11","59.0","5.4","0.9%"
"183","Isaiah Rodgers Sr. (IND)","24","10","0","3","0","1","1","0","15","58.8","3.9","2.4%"
"184","Josh Metellus (MIN)","26","6","0","5","1","0","0","0","14","58.6","4.2","0.9%"
"185","Josiah Scott (PHI)","17","7","0","8","2","0","0","0","10","57.9","5.8","0.7%"
"186","Chris Harris Jr. (FA)","26","3","1","3","0","1","0","0","7","56.3","8.0","0.0%"
"187","Duke Shelley (LV)","22","8","0","8","1","0","0","0","8","56.2","7.0","0.7%"
"188","DeAndre Houston-Carson (FA)","22","15","0","1","1","0","0","0","13","55.9","4.3","0.3%"
"189","Jaylon Jones (CHI)","29","11","0","2","0","0","0","0","13","55.0","4.2","0.4%"
"190","Marshon Lattimore (NO)","20","9","0","4","1","0","0","1","9","53.9","6.0","9.6%"
"191","Shaquill Griffin (HOU)","23","6","0","4","0","0","0","0","5","52.6","10.5","0.8%"
"192","Cornell Armstrong (ATL)","22","11","0","7","0","0","0","0","7","51.9","7.4","0.3%"
"193","Sam Webb (LV)","24","9","0","3","0","1","0","0","10","51.4","5.1","1.0%"
"194","Emmanuel Moseley (DET)","18","4","0","5","1","0","0","1","5","51.1","10.2","7.8%"
"195","Brandon Facyson (LV)","26","2","0","6","0","0","0","0","16","49.6","3.1","1.1%"
"196","M.J. Stewart Jr. (HOU)","22","5","0","1","0","0","2","0","16","48.9","3.1","2.2%"
"197","Roderic Teamer (LV)","23","12","0","0","0","0","0","0","14","48.7","3.5","0.4%"
"198","Tavierre Thomas (HOU)","19","16","0","1","0","1","0","0","10","48.6","4.9","1.3%"
"199","Tre Avery (TEN)","20","3","0","9","0","0","0","0","10","48.4","4.8","1.0%"
"200","Andrew Wingard (JAC)","19","4","0","1","1","1","0","0","15","47.1","3.1","3.7%"
"201","Reed Blankenship (PHI)","19","13","0","2","1","0","0","0","9","46.4","5.2","3.9%"
"202","Christian Benford (BUF)","17","7","0","5","1","0","0","0","9","45.8","5.1","0.8%"
"203","Bryan Cook (KC)","19","8","1","2","0","0","0","0","15","44.2","2.9","2.1%"
"204","Akayleb Evans (FA)","18","3","0","2","0","1","0","0","8","43.8","5.5","10.5%"
"205","Tremon Smith (DEN)","12","4","0","4","2","1","0","0","14","43.6","3.1","22.2%"
"206","Justin Evans (PHI)","15","11","0","2","0","1","0","0","13","43.0","3.3","0.3%"
"207","Jourdan Lewis (DAL)","17","9","1","1","1","0","0","0","6","43.0","7.2","0.3%"
"208","Keith Taylor Jr. (CAR)","23","5","0","3","0","0","0","0","13","42.8","3.3","0.4%"
"209","Nahshon Wright (DAL)","16","6","0","4","1","0","0","0","7","42.1","6.0","0.9%"
"210","Josh Jones (FA)","22","4","0","1","0","0","1","0","11","41.6","3.8","0.3%"
"211","Tre'Davious White (BUF)","16","4","0","6","1","0","0","0","6","41.1","6.9","13.5%"
"212","Caden Sterns (DEN)","13","7","0","4","2","0","0","0","5","40.9","8.2","6.7%"
"213","Rashad Fenton (ARI)","21","7","0","2","0","0","0","0","6","40.0","6.7","1.2%"
"214","Dee Delaney (TB)","21","4","0","0","0","0","0","0","11","39.6","3.6","0.5%"
"215","Tyler Hall (LV)","12","8","1","4","0","0","0","0","7","39.2","5.6","1.2%"
"216","James Pierre (PIT)","16","4","0","4","1","0","0","0","16","38.2","2.4","0.5%"
"217","Samuel Womack III (SF)","11","4","0","2","1","1","1","0","12","38.1","3.2","6.6%"
"218","Keisean Nixon (GB)","14","3","0","2","1","1","0","0","15","37.9","2.5","30.2%"
"219","Keion Crossen (MIA)","16","9","0","4","0","0","0","0","15","37.1","2.5","0.3%"
"220","Cor'Dale Flott (NYG)","14","11","0","2","0","1","0","0","10","36.6","3.7","0.1%"
"221","Tre Flowers (ATL)","14","7","0","3","1","0","0","0","13","36.0","2.8","0.7%"
"222","Ahkello Witherspoon (LAR)","17","3","0","2","1","0","0","0","4","35.8","9.0","1.2%"
"223","Damontae Kazee (PIT)","11","8","0","2","2","0","0","0","9","35.7","4.0","2.0%"
"224","K'Von Wallace (PHI)","18","4","0","2","0","0","0","0","12","35.6","3.0","1.4%"
"225","Landon Collins (FA)","6","8","1","2","1","0","0","1","5","35.6","7.1","0.5%"
"226","P.J. Williams (FA)","17","9","0","2","0","0","0","0","9","35.4","3.9","0.1%"
"227","Daniel Sorensen (FA)","10","7","0","3","2","0","0","0","10","34.8","3.5","0.1%"
"228","Eric Stokes (GB)","20","5","0","0","0","0","0","0","10","34.0","3.4","1.7%"
"229","Jace Whittaker (FA)","15","9","0","3","0","0","0","0","6","33.8","5.6","0.7%"
"230","Ronnie Harrison Jr. (FA)","17","6","0.5","1","0","0","0","0","14","33.7","2.4","0.0%"
"231","Jaquan Johnson (LV)","11","14","0","1","1","0","0","0","11","33.6","3.1","0.1%"
"232","Casey Hayward Jr. (FA)","14","3","0","3","1","0","0","0","6","32.8","5.5","0.8%"
"233","Damarion Williams (BAL)","14","8","0","2","0","0","0","0","10","32.7","3.3","2.8%"
"234","Tre Norwood (PIT)","16","4","0","0","0","0","0","0","10","32.1","3.2","0.9%"
"235","Justin Bethel (MIA)","11","5","0","4","1","0","0","0","11","31.5","2.9","0.0%"
"236","Elijah Hicks (CHI)","10","11","0","0","0","1","1","0","9","31.4","3.5","0.5%"
"237","David Long Jr. (LV)","18","3","0","1","0","0","0","0","8","30.9","3.9","0.7%"
"238","Rodarius Williams (NYG)","15","0","0","2","1","0","0","0","4","30.5","7.6","0.6%"
"239","Nik Needham (MIA)","15","6","0","2","0","0","0","0","6","30.2","5.0","1.7%"
"240","JuJu Hughes (ARI)","12","4","1","0","0","0","0","0","5","30.1","6.0","0.1%"
"241","Tracy Walker III (DET)","10","8","1","1","0","0","0","0","4","29.1","7.3","6.1%"
"242","Ezekiel Turner (ARI)","9","5","0","0","0","1","0","0","10","28.9","2.9","1.1%"
"243","William Jackson III (FA)","15","1","0","2","0","0","0","0","4","28.8","7.2","0.0%"
"244","Isaiah Pola-Mao (LV)","11","4","1","0","0","0","0","0","7","28.6","4.1","0.1%"
"245","Ronald Darby (FA)","12","2","0","3","0","1","0","0","6","28.1","4.7","0.0%"
"246","Tony Jefferson II (FA)","14","6","0","1","0","0","0","0","9","27.1","3.0","0.0%"
"247","Christian Matthew (ARI)","11","7","0","3","0","0","0","0","10","26.4","2.6","1.2%"
"248","Verone McKinley III (MIA)","10","6","0","1","1","0","0","0","10","26.0","2.6","0.4%"
"249","Trayvon Mullen Jr. (BAL)","12","3","0","1","0","1","0","0","7","25.8","3.7","0.8%"
"250","Juston Burris (FA)","12","8","0","1","0","0","0","0","5","25.6","5.1","0.0%"
"251","Rachad Wildgoose (WAS)","12","4","0","3","0","0","0","0","8","25.6","3.2","1.2%"
"252","Israel Mukuamu (DAL)","10","5","0","1","1","0","0","0","12","25.4","2.1","0.5%"
"253","Kelvin Joseph (DAL)","11","2","0","2","0","1","0","0","12","25.1","2.1","0.8%"
"254","Zyon McCollum (TB)","13","5","0","1","0","0","0","0","12","24.9","2.1","0.8%"
"255","A.J. Green (CLE)","11","2","0","1","1","0","0","0","10","24.6","2.5","1.1%"
"256","Russ Yeast (LAR)","13","3","0","0","0","0","0","0","11","24.3","2.2","2.6%"
"257","Will Parks (FA)","9","6","0","0","0","0","0","0","11","24.1","2.2","0.5%"
"258","Ifeatu Melifonwu (DET)","9","4","0.5","2","0","0","0","0","4","24.0","6.0","0.1%"
"259","Chris Board (NE)","12","0","0","1","0","1","0","0","14","23.5","1.7","0.5%"
"260","P.J. Locke (DEN)","6","3","0","1","0","1","1","0","12","23.4","2.0","0.4%"
"261","J.C. Jackson (LAC)","12","3","0","2","0","0","0","0","5","23.3","4.7","5.0%"
"262","Noah Igbinoghene (MIA)","8","2","0","3","1","0","0","0","8","23.1","2.9","1.2%"
"263","Jeremy Reaves (WAS)","10","7","0","1","0","0","0","0","14","21.9","1.6","0.3%"
"264","Harrison Hand (FA)","9","3","0","1","0","1","0","0","2","21.3","10.7","0.0%"
"265","Ja'Sir Taylor (LAC)","10","6","0","1","0","0","0","0","12","21.1","1.8","1.2%"
"266","Eric Murray (HOU)","11","6","0","0","0","0","0","0","11","21.1","1.9","0.4%"
"267","Jamien Sherwood (NYJ)","9","3","0.5","0","0","0","0","0","8","20.4","2.6","3.4%"
"268","Anthony Averett (FA)","12","1","0","1","0","0","0","0","6","20.3","3.4","0.0%"
"269","Zyon Gilbert (NYG)","7","3","1","0","0","0","0","0","3","19.4","6.5","0.1%"
"270","Essang Bassey (DEN)","7","4","0","2","0","0","0","0","9","19.1","2.1","0.7%"
"271","Josh Blackwell (CHI)","8","4","0","0","0","0","1","0","10","19.0","1.9","0.0%"
"272","Quentin Lake (LAR)","6","2","1","1","0","0","0","0","3","18.5","6.2","0.7%"
"273","Tony Adams (NYJ)","9","6","0","0","0","0","0","0","5","18.1","3.6","0.8%"
"274","Christian Holmes (WAS)","6","1","0","0","0","0","2","0","10","17.8","1.8","6.7%"
"275","J.T. Gray (NO)","2","3","2.5","0","0","0","0","0","10","17.8","1.8","0.1%"
"276","Siran Neal (BUF)","6","3","0","4","0","0","0","0","11","17.4","1.6","0.4%"
"277","Grant Haley (FA)","6","5","0","3","0","0","0","0","4","17.3","4.3","0.0%"
"278","Greg Mabin (CAR)","10","3","0","0","0","0","0","0","5","17.3","3.5","0.1%"
"279","Zech McPhearson (PHI)","6","0","1","1","0","0","0","0","11","17.0","1.5","0.4%"
"280","Chris Banjo (FA)","3","3","0","0","0","0","1","1","8","16.9","2.1","0.0%"
"281","Nick Cross (IND)","8","1","0","0","0","0","1","0","9","16.8","1.9","1.4%"
"282","Andrew Booth Jr. (MIN)","11","0","0","0","0","0","0","0","3","16.5","5.5","1.7%"
"283","Demetrius Flannigan-Fowles (SF)","6","1","1","0","0","0","0","0","11","16.3","1.5","1.1%"
"284","Sidney Jones IV (CIN)","7","5","0","1","0","0","0","0","6","15.9","2.7","1.1%"
"285","Dax Hill (CIN)","9","3","0","0","0","0","0","0","11","15.8","1.4","8.6%"
"286","A.J. Parker (SF)","10","1","0","0","0","0","0","0","4","15.8","4.0","0.3%"
"287","Greg Stroman Jr. (CHI)","4","4","0","1","1","0","0","0","1","15.5","15.5","0.3%"
"288","Caleb Farley (TEN)","9","1","0","0","0","0","0","0","6","14.3","2.4","3.9%"
"289","Dean Marlowe (BUF)","9","1","0","0","0","0","0","0","7","14.3","2.0","0.4%"
"290","Jordan Fuller (LAR)","8","3","0","0","0","0","0","0","3","14.3","4.8","4.7%"
"291","Terrell Burgess (WAS)","7","4","0","0","0","0","0","0","2","13.6","6.8","2.0%"
"292","Cam Lewis (BUF)","8","2","0","0","0","0","0","0","10","13.5","1.4","0.3%"
"293","Percy Butler (WAS)","4","2","0","1","0","0","1","0","8","13.1","1.6","0.5%"
"294","Daryl Worley (BAL)","4","1","0","2","0","0","0","0","3","12.3","4.1","0.1%"
"295","Josh Jackson (FA)","5","1","0","0","0","0","1","0","4","12.3","3.1","0.0%"
"296","Tanner Muse (PIT)","5","4","0","1","0","0","0","0","8","12.1","1.5","1.7%"
"297","Lonnie Johnson Jr. (NO)","7","2","0","0","0","0","0","0","8","12.1","1.5","0.4%"
"298","Marcell Harris (FA)","6","4","0","0","0","0","0","0","8","12.1","1.5","0.3%"
"299","Jalyn Armour-Davis (BAL)","4","2","0","1","0","0","0","0","3","11.6","3.9","0.8%"
"300","Kris Boyd (ARI)","4","2","0","0","0","0","1","0","9","11.6","1.3","0.3%"
"301","C.J. Moore (DET)","2","3","0","1","0","0","1","0","9","10.9","1.2","21.0%"
"302","Mike Ford (CLE)","3","5","0","0","0","0","0","0","14","10.9","0.8","0.3%"
"303","Dallis Flowers (IND)","6","2","0","0","0","0","0","0","10","10.6","1.1","2.8%"
"304","Josh Norman (FA)","6","2","0","0","0","0","0","0","2","10.5","5.3","1.6%"
"305","T.J. Carrie (FA)","3","2","0","0","0","0","1","0","3","10.0","3.3","0.1%"
"306","Greedy Williams (PHI)","5","3","0","0","0","0","0","0","6","9.9","1.7","1.3%"
"307","Teez Tabor (FA)","5","3","0","0","0","0","0","0","6","9.9","1.7","0.0%"
"308","Elijah Campbell (MIA)","4","3","0","1","0","0","0","0","12","9.9","0.8","0.3%"
"309","Ja'Quan McMillian (DEN)","6","1","0","0","0","0","0","0","1","9.8","9.8","0.0%"
"310","Brandin Echols (NYJ)","4","1","0","2","0","0","0","0","9","9.8","1.1","1.1%"
"311","Elijah Molden (TEN)","4","1","0","0","0","0","0","0","3","9.3","3.1","0.4%"
"312","Sean Chandler (CAR)","5","2","0","0","0","0","0","0","9","9.1","1.0","6.3%"
"313","Dee Alford (ATL)","18","7","0.5","7","1","0","0","0","16","9.0","0.6","1.7%"
"314","Aaron Robinson (NYG)","5","0","0","1","0","0","0","0","2","9.0","4.5","1.9%"
"315","Micah Hyde (BUF)","4","3","0","0","0","0","0","0","3","8.3","2.8","7.0%"
"316","Clayton Fejedelem (FA)","4","1","0","1","0","0","0","0","9","8.3","0.9","0.3%"
"317","Thomas Graham Jr. (CLE)","5","1","0","0","0","0","0","0","1","8.3","8.3","0.3%"
"318","Erik Harris (FA)","4","3","0","0","0","0","0","0","6","8.3","1.4","0.1%"
"319","George Odum (SF)","1","0","0","1","1","0","0","0","10","8.0","0.8","0.3%"
"320","Tony Brown (IND)","1","0","1","0","0","0","0","0","7","8.0","1.1","2.8%"
"321","Tae Hayes (FA)","4","2","0","0","0","0","0","0","5","7.6","1.5","0.0%"
"322","D'Anthony Bell (CLE)","4","2","0","0","0","0","0","0","7","7.6","1.1","0.4%"
"323","Ambry Thomas (SF)","5","0","0","0","0","0","0","0","8","7.5","0.9","0.4%"
"324","Gregory Junior (JAC)","4","2","0","0","0","0","0","0","1","7.5","7.5","0.0%"
"325","Lamar Jackson (KC)","3","0","0","2","0","0","0","0","4","7.5","1.9","0.9%"
"326","John Reid (FA)","5","0","0","0","0","0","0","0","2","7.5","3.8","0.3%"
"327","Montaric Brown (JAC)","4","1","0","0","0","0","0","0","4","6.8","1.7","1.0%"
"328","Ugo Amadi (NO)","4","1","0","0","0","0","0","0","4","6.8","1.7","0.3%"
"329","Deon Bush (KC)","3","1","0","1","0","0","0","0","9","6.8","0.8","0.3%"
"330","Ashtyn Davis (NYJ)","0","0","0","1","1","0","0","0","8","6.5","0.8","17.5%"
"331","Justin Layne (FA)","3","0","0","1","0","0","0","0","3","6.0","2.0","0.1%"
"332","Jamal Adams (SEA)","3","0","0","1","0","0","0","0","1","6.0","6.0","23.1%"
"333","Justin Coleman (FA)","3","2","0","0","0","0","0","0","6","6.0","1.0","0.0%"
"334","Tyler Coyle (DAL)","4","0","0","0","0","0","0","0","2","6.0","3.0","0.7%"
"335","Jalen Davis (CIN)","0","2","0","0","0","0","1","0","2","5.6","2.8","0.4%"
"336","Robert Rochell (LAR)","1","0","0","0","0","0","1","0","10","5.5","0.6","1.1%"
"337","Xavier Rhodes (FA)","3","1","0","0","0","0","0","0","2","5.3","2.7","0.1%"
"338","Tarvarius Moore (GB)","3","1","0","0","0","0","0","0","9","5.3","0.6","1.1%"
"339","Kyle Fuller (FA)","3","0","0","0","0","0","0","0","1","4.5","4.5","0.1%"
"340","Innis Gaines (GB)","3","0","0","0","0","0","0","0","6","4.5","0.8","0.0%"
"341","Chris Claybrooks (JAC)","3","0","0","0","0","0","0","0","12","4.5","0.4","1.1%"
"342","Tre Brown (SEA)","3","0","0","0","0","0","0","0","2","4.5","2.3","0.4%"
"343","Tevaughn Campbell (JAC)","3","0","0","0","0","0","0","0","2","4.5","2.3","0.5%"
"344","Nolan Turner (TB)","1","0","0","0","0","0","0","0","1","4.0","4.0","2.2%"
"345","Delarrin Turner-Yell (DEN)","0","0","0","0","0","0","1","0","9","4.0","0.4","0.1%"
"346","Joey Blount (SEA)","0","0","0","0","0","0","1","0","8","4.0","0.5","0.0%"
"347","Elijah Lee (FA)","0","0","0","0","0","0","1","0","6","4.0","0.7","0.1%"
"348","Kevon Seymour (BAL)","0","0","0","0","0","0","1","0","4","4.0","1.0","0.1%"
"349","JT Woods (LAC)","2","1","0","0","0","0","0","0","4","3.8","1.0","1.1%"
"350","Elijah Riley (PIT)","2","1","0","0","0","0","0","0","4","3.8","1.0","0.3%"
"351","Ja'Marcus Ingram (BUF)","2","1","0","0","0","0","0","0","2","3.8","1.9","0.0%"
"352","Daniel Thomas (JAC)","2","1","0","0","0","0","0","0","6","3.8","0.6","0.4%"
"353","Bobby Price (ARI)","2","1","0","0","0","0","0","0","3","3.8","1.3","18.2%"
"354","Chris Lammons (FA)","2","1","0","0","0","0","0","0","8","3.8","0.5","1.2%"
"355","A.J. Thomas (CHI)","2","0","0","0","0","0","0","0","3","3.0","1.0","0.1%"
"356","Shaun Wade (NE)","2","0","0","0","0","0","0","0","3","3.0","1.0","0.0%"
"357","Allan George (CIN)","2","0","0","0","0","0","0","0","2","3.0","1.5","0.1%"
"358","Chase Lucas (DET)","1","1","0","0","0","0","0","0","4","2.3","0.6","3.2%"
"359","Anthony Chesley (TB)","1","1","0","0","0","0","0","0","2","2.3","1.2","0.3%"
"360","Josh Thomas (CAR)","0","3","0","0","0","0","0","0","1","2.3","2.3","0.7%"
"361","Andre Chachere (ARI)","1","1","0","0","0","0","0","0","4","2.3","0.6","0.1%"
"362","Michael Thomas (CIN)","1","1","0","0","0","0","0","0","8","2.3","0.3","0.5%"
"363","Janoris Jenkins (FA)","1","1","0","0","0","0","0","0","3","2.3","0.8","1.0%"
"364","Hamsah Nasirildeen (NYJ)","1","1","0","0","0","0","0","0","2","2.3","1.2","1.4%"
"365","Markquese Bell (DAL)","1","0","0","0","0","0","0","0","2","1.5","0.8","0.1%"
"366","Xavier Crawford (FA)","1","0","0","0","0","0","0","0","4","1.5","0.4","0.0%"
"367","Raheem Layne (LAC)","1","0","0","0","0","0","0","0","2","1.5","0.8","0.7%"
"368","Matthias Farley (FA)","1","0","0","0","0","0","0","0","10","1.5","0.2","4.0%"
"369","Mackensie Alexander (FA)","1","0","0","0","0","0","0","0","1","1.5","1.5","0.0%"
"370","Ar'Darius Washington (BAL)","1","0","0","0","0","0","0","0","2","1.5","0.8","1.2%"
"371","Nate Hairston (ARI)","0","1","0","0","0","0","0","0","1","0.8","0.8","0.3%"
"372","DiCaprio Bootle (KC)","0","1","0","0","0","0","0","0","3","0.8","0.3","0.4%"
"373","T.J. Carter (LAR)","0","1","0","0","0","0","0","0","1","0.8","0.8","0.0%"
"374","Saivion Smith (DET)","0","1","0","0","0","0","0","0","3","0.8","0.3","0.8%"
"375","Theo Jackson (MIN)","0","1","0","0","0","0","0","0","8","0.8","0.1","0.1%"
"376","Corey Ballentine (GB)","0","1","0","0","0","0","0","0","6","0.8","0.1","15.0%"
"377","Herb Miller (CAR)","0","0","0","0","0","0","0","0","2","0.0","0.0","0.3%"
"378","Chris Westry (CLE)","0","0","0","0","0","0","0","0","0","0","0","0.9%"
"379","Dylan Mabin (ARI)","0","0","0","0","0","0","0","0","0","0","0","0.3%"
"380","Rodney Randle Jr. (NE)","0","0","0","0","0","0","0","0","0","0","0","0.0%"
"381","D'Angelo Ross (HOU)","0","0","0","0","0","0","0","0","0","0","0","0.1%"
"382","Luq Barcoo (PIT)","0","0","0","0","0","0","0","0","0","0","0","0.8%"
"383","Michael Ojemudia (CHI)","0","0","0","0","0","0","0","0","0","0","0","0.1%"
"384","Shyheim Carter (TEN)","0","0","0","0","0","0","0","0","0","0","0","0.0%"
"385","Jake Gervase (FA)","0","0","0","0","0","0","0","0","7","0.0","0.0","19.2%"
"386","Joejuan Williams (MIN)","0","0","0","0","0","0","0","0","1","0.0","0.0","0.3%"
"387","Bryce Hall (NYJ)","0","0","0","0","0","0","0","0","1","0.0","0.0","1.1%"
"388","Marquise Blair (FA)","0","0","0","0","0","0","0","0","3","0.0","0.0","0.1%"
"389","Ka'dar Hollman (HOU)","0","0","0","0","0","0","0","0","0","0","0","0.1%"
"390","Kendall Sheffield (HOU)","0","0","0","0","0","0","0","0","0","0","0","0.3%"
"391","Jordan Brown (FA)","0","0","0","0","0","0","0","0","1","0.0","0.0","0.0%"
"392","Kemon Hall (LAC)","0","0","0","0","0","0","0","0","1","0.0","0.0","0.3%"
"393","Mark Gilbert (FA)","0","0","0","0","0","0","0","0","1","0.0","0.0","0.9%"
"394","Micah Abernathy (ATL)","0","0","0","0","0","0","0","0","1","0.0","0.0","0.3%"
"395","Jimmy Moreland (NYJ)","0","0","0","0","0","0","0","0","1","0.0","0.0","0.3%"
"396","Marvell Tell III (CIN)","0","0","0","0","0","0","0","0","0","0","0","0.0%"
"397","Myles Dorn (FA)","0","0","0","0","0","0","0","0","3","0.0","0.0","0.1%"
"398","Ike Brown (LV)","0","0","0","0","0","0","0","0","0","0","0","0.0%"
"399","Kenny Robinson Jr. (PIT)","0","0","0","0","0","0","0","0","1","0.0","0.0","0.3%"
"400","Stantley Thomas-Oliver III (CAR)","0","0","0","0","0","0","0","0","2","0.0","0.0","0.1%"
"401","Tino Ellis (MIA)","0","0","0","0","0","0","0","0","0","0","0","0.0%"
"402","Javelin Guidry (NYJ)","0","0","0","0","0","0","0","0","3","0.0","0.0","0.3%"
"403","Jovante Moffatt (ARI)","0","0","0","0","0","0","0","0","0","0","0","0.3%"
"404","Bopete Keyes (CLE)","0","0","0","0","0","0","0","0","0","0","0","0.3%"
"405","Jared Mayden (BUF)","0","0","0","0","0","0","0","0","0","0","0","0.6%"
"406","Troy Pride Jr. (NO)","0","0","0","0","0","0","0","0","0","0","0","0.6%"
"407","Madre Harper (PIT)","0","0","0","0","0","0","0","0","1","0.0","0.0","0.3%"
"408","Gavin Heslop (FA)","0","0","0","0","0","0","0","0","1","0.0","0.0","1.1%"
"409","Jarren Williams (DET)","0","0","0","0","0","0","0","0","1","0.0","0.0","0.3%"
"410","Henry Black (IND)","0","0","0","0","0","0","0","0","0","0","0","0.3%"
"411","Michael Jacquet III (LAC)","0","0","0","0","0","0","0","0","0","0","0","0.3%"
"412","Grayland Arnold (HOU)","0","0","0","0","0","0","0","0","5","0.0","0.0","0.3%"
"413","Khalil Dorsey (DET)","0","0","0","0","0","0","0","0","0","0","0","0.3%"
"414","Jaylon Jones (IND)","0","0","0","0","0","0","0","0","0","0","0","0.0%"
"415","Avery Young (SF)","0","0","0","0","0","0","0","0","0","0","0","0.0%"
"416","Jammie Robinson (CAR)","0","0","0","0","0","0","0","0","0","0","0","0.5%"
"417","Brenden Schooler (NE)","0","0","0","0","0","0","2","0","11","0.0","0.0","0.0%"
"418","Duron Lowe (TB)","0","0","0","0","0","0","0","0","0","0","0","0.0%"
"419","Antonio Johnson (JAC)","0","0","0","0","0","0","0","0","0","0","0","1.1%"
"420","Trenton Thompson (NYG)","0","0","0","0","0","0","0","0","0","0","0","0.0%"
"421","DaMarcus Fields (WAS)","0","0","0","0","0","0","0","0","0","0","0","0.0%"
"422","Ferrod Gardner (WAS)","0","0","0","0","0","0","0","0","0","0","0","1.0%"
"423","Benjie Franklin (SEA)","0","0","0","0","0","0","0","0","1","0.0","0.0","0.0%"
"424","Brandon Joseph (DET)","0","0","0","0","0","0","0","0","0","0","0","1.0%"
"425","Cam Smith (MIA)","0","0","0","0","0","0","0","0","0","0","0","0.5%"
"426","Clark Phillips III (ATL)","0","0","0","0","0","0","0","0","0","0","0","0.0%"
"427","Eli Ricks (PHI)","0","0","0","0","0","0","0","0","0","0","0","0.0%"
"428","Joey Porter Jr. (PIT)","0","0","0","0","0","0","0","0","0","0","0","5.0%"
"429","Kelee Ringo (PHI)","0","0","0","0","0","0","0","0","0","0","0","1.6%"
"430","Darren Evans (NYG)","0","0","0","0","0","0","0","0","0","0","0","0.0%"
"431","Trevor Denbow (IND)","0","0","0","0","0","0","0","0","0","0","0","0.0%"
"432","Delonte Hood (DEN)","0","0","0","0","0","0","0","0","0","0","0","0.0%"
"433","Quandre Mosely (NE)","0","0","0","0","0","0","0","0","0","0","0","0.0%"
"434","Juanyeh Thomas (DAL)","0","0","0","0","0","0","0","0","0","0","0","3.0%"
"435","Marcel Dabo (IND)","0","0","0","0","0","0","0","0","0","0","0","0.0%"
"436","Bryce Cosby (LV)","0","0","0","0","0","0","0","0","0","0","0","0.0%"
"437","Don Gardner (TB)","0","0","0","0","0","0","0","0","1","0.0","0.0","2.0%"
"438","Jarrick Bernard-Converse (NYJ)","0","0","0","0","0","0","0","0","0","0","0","0.0%"
"439","Chris Steele (FA)","0","0","0","0","0","0","0","0","1","0.0","0.0","0.0%"
"440","Amari Burney (LV)","0","0","0","0","0","0","0","0","0","0","0","0.5%"
"441","Sterling Weatherford (CHI)","0","0","0","0","0","0","0","0","6","0.0","0.0","0.0%"
"442","Vincent Gray (LAR)","0","0","0","0","0","0","0","0","0","0","0","0.0%"
"443","Yusuf Corker (CIN)","0","0","0","0","0","0","0","0","0","0","0","0.0%"
"444","Tycen Anderson (CIN)","0","0","0","0","0","0","0","0","0","0","0","0.4%"
"445","Shaun Jolly (LAR)","0","0","0","0","0","0","0","0","2","0.0","0.0","0.0%"
"446","Tiawan Mullen (LAC)","0","0","0","0","0","0","0","0","0","0","0","0.0%"
"447","Lewis Cine (MIN)","0","0","0","0","0","0","0","0","0","0","0","5.3%"
"448","Mario Goodrich (PHI)","0","0","0","0","0","0","0","0","0","0","0","0.0%"
"449","Smoke Monday (NO)","0","0","0","0","0","0","0","0","0","0","0","1.0%"
"450","Bralen Trahan (CHI)","0","0","0","0","0","0","0","0","0","0","0","0.0%"
"451","Qwuantrezz Knight (SF)","0","0","0","0","0","0","0","0","0","0","0","1.0%"
"452","Garrett Williams (ARI)","0","0","0","0","0","0","0","0","0","0","0","0.9%"
"453","Brad Hawkins (NE)","0","0","0","0","0","0","0","0","0","0","0","0.0%"
"454","Tayler Hawkins (SF)","0","0","0","0","0","0","0","0","0","0","0","1.0%"
"455","Cobie Durant (LAR)","14","6","1","5","3","0","0","1","9","0.0","0.0","0.0%"
"456","Faion Hicks (DEN)","0","0","0","0","0","0","0","0","3","0.0","0.0","1.1%"
"457","Deane Leonard (LAC)","0","0","0","0","0","0","1","0","7","0.0","0.0","0.0%"
"458","Tariq Carpenter (GB)","0","0","0","0","0","0","0","0","7","0.0","0.0","0.4%"
"459","Nazeeh Johnson (KC)","0","0","0","0","0","0","0","0","6","0.0","0.0","0.3%"
"460","Mike Brown (TEN)","0","0","0","0","0","0","0","0","1","0.0","0.0","0.0%"
"461","Tristin McCollum (PHI)","0","0","0","0","0","0","0","0","0","0","0","0.0%"
"462","Cobi Francis (HOU)","0","0","0","0","0","0","0","0","2","0.0","0.0","0.0%"
"463","Kalon Barnes (MIN)","0","0","0","0","0","0","0","0","0","0","0","1.2%"
"464","Kyler McMichael (ARI)","0","0","0","0","0","0","0","0","0","0","0","0.0%"
"465","Darrell Baker Jr. (IND)","0","0","0","0","0","0","0","0","1","0.0","0.0","0.0%"
"466","Josh Thompson (TEN)","0","0","0","0","0","0","0","0","7","0.0","0.0","0.0%"
"467","Gemon Green (NYG)","0","0","0","0","0","0","0","0","0","0","0","0.0%"
"468","Jonathan Sutherland (SEA)","0","0","0","0","0","0","0","0","0","0","0","0.0%"
"469","Macon Clark (CHI)","0","0","0","0","0","0","0","0","0","0","0","0.0%"
"470","Caleb Biggers (CLE)","0","0","0","0","0","0","0","0","0","0","0","0.0%"
"471","Cole Coleman (IND)","0","0","0","0","0","0","0","0","0","0","0","0.0%"
"472","Aaron Maddox (IND)","0","0","0","0","0","0","0","0","0","0","0","0.0%"
"473","Alex Cook (NYG)","0","0","0","0","0","0","0","0","0","0","0","0.0%"
"474","Trey Dean (NYJ)","0","0","0","0","0","0","0","0","0","0","0","0.0%"
"475","Larry Brooks III (CIN)","0","0","0","0","0","0","0","0","0","0","0","0.0%"
"476","Marquis Waters (NYJ)","0","0","0","0","0","0","0","0","0","0","0","0.0%"
"477","Derrick Langford (NYJ)","0","0","0","0","0","0","0","0","0","0","0","0.0%"
"478","Montrae Braswell (SEA)","0","0","0","0","0","0","0","0","0","0","0","0.0%"
"479","Anthony Cook (KC)","0","0","0","0","0","0","0","0","0","0","0","0.0%"
"480","Isaiah Norman (KC)","0","0","0","0","0","0","0","0","0","0","0","0.0%"
"481","Reese Taylor (KC)","0","0","0","0","0","0","0","0","0","0","0","0.0%"
"482","Christian Young (SEA)","0","0","0","0","0","0","0","0","0","0","0","0.0%"
"483","Morrell Osling III (SEA)","0","0","0","0","0","0","0","0","0","0","0","0.0%"
"484","Mark Milton (CAR)","0","0","0","0","0","0","0","0","0","0","0","0.0%"
"485","Nick Whiteside (WAS)","0","0","0","0","0","0","0","0","0","0","0","0.0%"
"486","Timarcus Davis (LAR)","0","0","0","0","0","0","0","0","0","0","0","0.0%"
"487","Tanner Ingle (LAR)","0","0","0","0","0","0","0","0","0","0","0","0.0%"
"488","Jordan Jones (LAR)","0","0","0","0","0","0","0","0","0","0","0","0.0%"
"489","Tyon Davis (LAR)","0","0","0","0","0","0","0","0","0","0","0","0.0%"
"490","Cameron McCutcheon (LAR)","0","0","0","0","0","0","0","0","0","0","0","2.0%"
"491","Rashad Torrence II (LAR)","0","0","0","0","0","0","0","0","0","0","0","0.0%"
"492","D'Shawn Jamison (SF)","0","0","0","0","0","0","0","0","0","0","0","1.0%"
"493","Kendall Smith (WAS)","0","0","0","0","0","0","0","0","0","0","0","1.0%"
"494","Ty Okada (SEA)","0","0","0","0","0","0","0","0","0","0","0","0.0%"
"495","D.J. Stirgus (WAS)","0","0","0","0","0","0","0","0","0","0","0","0.0%"
"496","Quavian White (ARI)","0","0","0","0","0","0","0","0","0","0","0","0.0%"
"497","Kendell Brooks (ARI)","0","0","0","0","0","0","0","0","0","0","0","5.0%"
"498","Benny Sapp III (GB)","0","0","0","0","0","0","0","0","0","0","0","0.0%"
"499","James Campbell (SEA)","0","0","0","0","0","0","0","0","0","0","0","0.0%"
"500","Lance Boykin (SEA)","0","0","0","0","0","0","0","0","0","0","0","0.0%"
"501","Arquon Bush (SEA)","0","0","0","0","0","0","0","0","0","0","0","2.0%"
"502","Colby Richardson (CAR)","0","0","0","0","0","0","0","0","0","0","0","0.0%"
"503","Rejzohn Wright (CAR)","0","0","0","0","0","0","0","0","0","0","0","0.0%"
"504","Kaleb Hayes (JAC)","0","0","0","0","0","0","0","0","0","0","0","0.0%"
"505","Clifford Chattman (ATL)","0","0","0","0","0","0","0","0","0","0","0","0.0%"
"506","Ekow Boye-Doe (KC)","0","0","0","0","0","0","0","0","0","0","0","0.0%"
"507","Jordan Perryman (LV)","0","0","0","0","0","0","0","0","0","0","0","0.0%"
"508","Kedrick Whitehead Jr. (TB)","0","0","0","0","0","0","0","0","0","0","0","0.0%"
"509","Latavious Brini (JAC)","0","0","0","0","0","0","0","0","0","0","0","0.0%"
"510","Eric Garror (TEN)","0","0","0","0","0","0","0","0","0","0","0","0.0%"
"511","Natrone Brooks (ATL)","0","0","0","0","0","0","0","0","0","0","0","0.0%"
"512","Armani Marsh (TEN)","0","0","0","0","0","0","0","0","0","0","0","0.0%"
"513","L.J. Davis (TEN)","0","0","0","0","0","0","0","0","0","0","0","0.0%"
"514","Adrian Frye (NO)","0","0","0","0","0","0","0","0","0","0","0","0.0%"
"515","Steven Gilmore (DET)","0","0","0","0","0","0","0","0","0","0","0","0.0%"
"516","Kahlef Hailassie (KC)","0","0","0","0","0","0","0","0","0","0","0","0.0%"
"517","Cam Brown (LAC)","0","0","0","0","0","0","0","0","0","0","0","0.0%"
"518","D'Angelo Mandell (DAL)","0","0","0","0","0","0","0","0","0","0","0","0.0%"
"519","Jordan Swann (BAL)","0","0","0","0","0","0","0","0","0","0","0","0.0%"
"520","Michael Tutsie (IND)","0","0","0","0","0","0","0","0","0","0","0","0.0%"
"521","Jaydon Grant (LV)","0","0","0","0","0","0","0","0","0","0","0","0.0%"
"522","Azizi Hearn (LV)","0","0","0","0","0","0","0","0","0","0","0","0.0%"
"523","Jeremy Lucien (BAL)","0","0","0","0","0","0","0","0","0","0","0","0.0%"
"524","Starling Thomas V (DET)","0","0","0","0","0","0","0","0","0","0","0","0.0%"
"525","Ronnie Hickman Jr. (CLE)","0","0","0","0","0","0","0","0","0","0","0","0.0%"
"526","Tanner McCalister (CLE)","0","0","0","0","0","0","0","0","0","0","0","0.0%"
"527","William Hooper (GB)","0","0","0","0","0","0","0","0","0","0","0","0.0%"
"528","Jaquan Amos (BAL)","0","0","0","0","0","0","0","0","0","0","0","2.0%"
"529","Tyreque Jones (TEN)","0","0","0","0","0","0","0","0","0","0","0","0.0%"
"530","Ethan Bonner (MIA)","0","0","0","0","0","0","0","0","0","0","0","0.0%"
"531","Keidron Smith (MIA)","0","0","0","0","0","0","0","0","0","0","0","0.0%"
"532","Corey Mayfield Jr. (BAL)","0","0","0","0","0","0","0","0","0","0","0","0.0%"
"533","Matthew Jackson (TEN)","0","0","0","0","0","0","0","0","0","0","0","0.0%"
"534","Bennett Williams (MIA)","0","0","0","0","0","0","0","0","0","0","0","1.0%"
"535","Keenan Isaac (TB)","0","0","0","0","0","0","0","0","0","0","0","0.0%"
"536","Derrek Pitts (TB)","0","0","0","0","0","0","0","0","0","0","0","0.0%"
"537","Christian Izien (TB)","0","0","0","0","0","0","0","0","0","0","0","0.0%"
"538","Kaevon Merriweather (TB)","0","0","0","0","0","0","0","0","0","0","0","0.0%"
"539","Art Green (DEN)","0","0","0","0","0","0","0","0","0","0","0","0.0%"
"540","Anthony Kendall (TEN)","0","0","0","0","0","0","0","0","0","0","0","0.0%"
"541","Divaad Wilson (JAC)","0","0","0","0","0","0","0","0","0","0","0","0.0%"
"542","Xavier Henderson (WAS)","0","0","0","0","0","0","0","0","0","0","0","2.0%"
"543","Anthony Johnson Jr. (GB)","0","0","0","0","0","0","0","0","0","0","0","0.6%"
"544","Clark Phillips III (ATL)","0","0","0","0","0","0","0","0","0","0","0","0.0%"
"545","Devon Witherspoon (SEA)","0","0","0","0","0","0","0","0","0","0","0","13.8%"
"546","JL Skinner (DEN)","0","0","0","0","0","0","0","0","0","0","0","0.8%"
"547","Ji'Ayir Brown (SF)","0","0","0","0","0","0","0","0","0","0","0","1.7%"
"548","DJ Turner II (CIN)","0","0","0","0","0","0","0","0","0","0","0","1.2%"
"549","Tyrique Stevenson (CHI)","0","0","0","0","0","0","0","0","0","0","0","1.5%"
"550","Jakorian Bennett (LV)","0","0","0","0","0","0","0","0","0","0","0","0.1%"
"551","Myles Brooks (DAL)","0","0","0","0","0","0","0","0","0","0","0","0.0%"
"552","Daniel Scott (IND)","0","0","0","0","0","0","0","0","0","0","0","0.1%"
"553","Brian Branch (DET)","0","0","0","0","0","0","0","0","0","0","0","7.8%"
"554","Jay Ward (MIN)","0","0","0","0","0","0","0","0","0","0","0","0.1%"
"555","Emmanuel Forbes (WAS)","0","0","0","0","0","0","0","0","0","0","0","5.6%"
"556","Cameron Mitchell (CLE)","0","0","0","0","0","0","0","0","0","0","0","0.1%"
"557","Quindell Johnson (LAR)","0","0","0","0","0","0","0","0","0","0","0","1.0%"
"558","Julius Brents (IND)","0","0","0","0","0","0","0","0","0","0","0","2.2%"
"559","Christian Gonzalez (NE)","0","0","0","0","0","0","0","0","0","0","0","9.0%"
"560","Cory Trice Jr. (PIT)","0","0","0","0","0","0","0","0","0","0","0","0.1%"
"561","Ayo Oyelola (JAC)","0","0","0","0","0","0","0","0","0","0","0","0.0%"
"562","Steven Jones Jr. (TEN)","0","0","0","0","0","0","0","0","0","0","0","0.0%"
"563","Tre Hawkins III (NYG)","0","0","0","0","0","0","0","0","0","0","0","0.0%"
"564","Mekhi Blackmon (MIN)","0","0","0","0","0","0","0","0","0","0","0","0.5%"
"565","NaJee Thompson (MIN)","0","0","0","0","0","0","0","0","0","0","0","0.0%"
"566","C.J. Coldon (MIN)","0","0","0","0","0","0","0","0","0","0","0","2.0%"
"567","Jaylin Williams (MIN)","0","0","0","0","0","0","0","0","0","0","0","0.0%"
"568","Ameer Speed (NE)","0","0","0","0","0","0","0","0","0","0","0","0.0%"
"569","Isaiah Bolden (NE)","0","0","0","0","0","0","0","0","0","0","0","0.0%"
"570","Anthony Johnson (NO)","0","0","0","0","0","0","0","0","0","0","0","0.0%"
"571","Jordan Howden (NO)","0","0","0","0","0","0","0","0","0","0","0","0.3%"
"572","Gervarrius Owens (NYG)","0","0","0","0","0","0","0","0","0","0","0","0.0%"
"573","Chamarri Conner (KC)","0","0","0","0","0","0","0","0","0","0","0","0.0%"
"574","AJ Finley (LAC)","0","0","0","0","0","0","0","0","0","0","0","0.0%"
"575","AJ Uzodinma (LAC)","0","0","0","0","0","0","0","0","0","0","0","0.0%"
"576","Tyler Baker-Williams (LAC)","0","0","0","0","0","0","0","0","0","0","0","0.0%"
"577","Jerrick Reed II (SEA)","0","0","0","0","0","0","0","0","0","0","0","0.7%"
"578","Jalen Graham (SF)","0","0","0","0","0","0","0","0","0","0","0","0.1%"
"579","Darrell Luter Jr. (SF)","0","0","0","0","0","0","0","0","0","0","0","1.0%"
"580","Jason Taylor II (LAR)","0","0","0","0","0","0","0","0","0","0","0","0.3%"
"581","Josh Hayes (TB)","0","0","0","0","0","0","0","0","0","0","0","0.0%"
"582","Nic Jones (KC)","0","0","0","0","0","0","0","0","0","0","0","0.0%"
"583","Erick Hallett II (JAC)","0","0","0","0","0","0","0","0","0","0","0","0.0%"
"584","Tyrell Ford (GB)","0","0","0","0","0","0","0","0","0","0","0","0.0%"
"585","Riley Moss (DEN)","0","0","0","0","0","0","0","0","0","0","0","0.9%"
"586","Deonte Banks (NYG)","0","0","0","0","0","0","0","0","0","0","0","3.8%"
"587","Kyu Blu Kelly (BAL)","0","0","0","0","0","0","0","0","0","0","0","0.1%"
"588","Sydney Brown (PHI)","0","0","0","0","0","0","0","0","0","0","0","3.7%"
"589","Leonard Johnson (NYG)","0","0","0","0","0","0","0","0","0","0","0","0.0%"
"590","Darius Rush (IND)","0","0","0","0","0","0","0","0","0","0","0","0.4%"
"591","Terell Smith (CHI)","0","0","0","0","0","0","0","0","0","0","0","0.0%"
"592","Mekhi Garner (PHI)","0","0","0","0","0","0","0","0","0","0","0","0.0%"
"593","Jartavius Martin (WAS)","0","0","0","0","0","0","0","0","0","0","0","3.5%"
"594","Christian Braswell (JAC)","0","0","0","0","0","0","0","0","0","0","0","0.0%"
"595","Chris Smith II (LV)","0","0","0","0","0","0","0","0","0","0","0","0.1%"
"596","Kei'Trel Clark (ARI)","0","0","0","0","0","0","0","0","0","0","0","0.3%"
"597","DeMarcco Hellams (ATL)","0","0","0","0","0","0","0","0","0","0","0","0.0%"
"598","Alex Austin (BUF)","0","0","0","0","0","0","0","0","0","0","0","0.0%"
"599","Kendall Williamson (CHI)","0","0","0","0","0","0","0","0","0","0","0","0.0%"
"600","DJ Ivey (CIN)","0","0","0","0","0","0","0","0","0","0","0","0.1%"
"601","Eric Scott Jr. (DAL)","0","0","0","0","0","0","0","0","0","0","0","0.1%"
"602","Carrington Valentine (GB)","0","0","0","0","0","0","0","0","0","0","0","0.0%"
"603","Brandon Hill (HOU)","0","0","0","0","0","0","0","0","0","0","0","0.3%"
"604","Tre'Vius Hodges-Tomlinson (LAR)","0","0","0","0","0","0","0","0","0","0","0","0.4%"
"605","Shemar Jean-Charles (GB)","0","0","0","0","0","0","0","0","3","0.0","0.0","0.1%"
"606","Mark Webb Jr. (LAC)","0","0","0","0","0","0","0","0","2","0.0","0.0","0.0%"
"607","Richard LeCounte III (LAR)","0","0","0","0","0","0","0","0","1","0.0","0.0","0.0%"
"608","D'Angelo Amos (DET)","0","0","0","0","0","0","0","0","0","0","0","0.0%"
"609","Chris Wilcox (PIT)","0","0","0","0","0","0","0","0","0","0","0","1.0%"
"610","Augie Contressa (TB)","0","0","0","0","0","0","0","0","0","0","0","0.0%"
"611","Tariq Castro-Fields (WAS)","0","0","0","0","0","0","0","0","0","0","0","0.6%"
"612","Bryce Thompson (MIA)","0","0","0","0","0","0","0","0","2","0.0","0.0","0.9%"
"613","Brady Breeze (DET)","0","0","0","0","0","0","0","0","1","0.0","0.0","0.3%"
"614","Trill Williams (MIA)","0","0","0","0","0","0","0","0","4","0.0","0.0","4.0%"
"615","J.T. Ibe (CAR)","0","0","0","0","0","0","0","0","0","0","0","0.0%"
"616","Devon Key (DEN)","0","0","0","0","0","0","0","0","0","0","0","0.0%"
"617","Kiondre Thomas (GB)","0","0","0","0","0","0","0","0","0","0","0","0.0%"
"618","Isaiah Dunn (SEA)","0","0","0","0","0","0","0","0","3","0.0","0.0","0.3%"
"619","Jordan Battle (CIN)","0","0","0","0","0","0","0","0","0","0","0","5.8%"
"620","Joshuah Bledsoe (NE)","0","0","0","0","0","0","0","0","2","0.0","0.0","0.4%"
"621","Chris Jackson (TEN)","1","0","0","0","0","0","0","0","2","0.0","0.0","0.0%"
"622","Josh Jobe (PHI)","0","0","0","0","0","0","0","0","4","0.0","0.0","0.0%"
"623","Bubba Bolden (CLE)","0","0","0","0","0","0","0","0","0","0","0","0.0%"
"624","Tay Gowan (MIN)","0","0","0","0","0","0","0","0","0","0","0","0.3%"
"625","Tyree Gillespie (HOU)","0","0","0","0","0","0","0","0","1","0.0","0.0","0.1%"
"626","Greg Gatson (LAC)","0","0","0","0","0","0","0","0","0","0","0","0.0%"
"627","Jamar Wall (PHI)","0","0","0","0","0","0","0","0","0","0","0","0.0%"
"628","Dominique Harris (TB)","0","0","0","0","0","0","0","0","0","0","0","0.0%"
"629","Nickell Robey-Coleman (FA)","0","0","0","0","0","0","0","0","2","0.0","0.0","0.0%"
"630","Dontae Johnson (FA)","0","0","0","0","0","0","0","0","3","0.0","0.0","0.0%"
"631","Cody Davis (NE)","0","0","0","0","0","0","0","0","4","0.0","0.0","0.1%"
"632","Brian Williams (NYG)","0","0","0","0","0","0","0","0","0","0","0","0.0%"
"633","Malcolm Williams (NE)","0","0","0","0","0","0","0","0","0","0","0","0.0%"
"634","Jon Corto (BUF)","0","0","0","0","0","0","0","0","0","0","0","0.0%"
"635","Jamar Adams (PHI)","0","0","0","0","0","0","0","0","0","0","0","0.0%"
"636","Chip Vaughn (IND)","0","0","0","0","0","0","0","0","0","0","0","0.0%"
"637","Jonathan Wade (MIA)","0","0","0","0","0","0","0","0","0","0","0","0.0%"
"638","Marcus Hudson (CAR)","0","0","0","0","0","0","0","0","0","0","0","0.0%"
"639","Derrick Martin (CHI)","0","0","0","0","0","0","0","0","0","0","0","0.0%"
"640","Chevis Jackson (CAR)","0","0","0","0","0","0","0","0","0","0","0","0.0%"
"641","Adrian Colbert (CHI)","0","0","0","0","0","0","0","0","0","0","0","0.3%"
"642","Breon Borders (ATL)","0","0","0","0","0","0","0","0","0","0","0","0.3%"
"643","Charles Washington (FA)","0","0","0","0","0","0","0","0","1","0.0","0.0","0.3%"
"644","Kevin Toliver II (IND)","0","0","0","0","0","0","0","0","0","0","0","0.9%"
"645","Deionte Thompson (FA)","0","0","0","0","0","0","0","0","1","0.0","0.0","0.0%"
"646","Lukas Denis (ATL)","0","0","0","0","0","0","0","0","0","0","0","0.0%"
"647","Sheldrick Redwine (DAL)","0","0","0","0","0","0","0","0","0","0","0","0.3%"
"648","Craig James (NYJ)","0","0","0","0","0","0","0","0","0","0","0","0.3%"
"649","Dallin Leavitt (GB)","0","0","0","0","0","0","0","0","9","0.0","0.0","15.1%"
"650","Marcus Allen (FA)","0","0","0","0","0","0","0","0","10","0.0","0.0","0.3%"
"651","Steven Parker (FA)","0","0","0","0","0","0","0","0","1","0.0","0.0","0.4%"
"652","Darius Phillips (HOU)","0","0","0","0","0","0","0","0","3","0.0","0.0","0.0%"
"653","Duke Dawson Jr. (PIT)","0","0","0","0","0","0","0","0","0","0","0","0.1%"
"654","Davontae Harris (FA)","0","0","0","0","0","0","0","0","3","0.0","0.0","0.0%"
"655","Troy Apke (WAS)","0","0","0","0","0","0","0","0","2","0.0","0.0","0.3%"
"656","Dane Cruikshank (NYJ)","0","0","0","0","0","0","0","0","1","0.0","0.0","0.1%"
"657","Isaac Yiadom (NO)","0","0","0","0","0","0","0","0","3","0.0","0.0","0.3%"
"658","C.J. Goodwin (DAL)","0","0","0","0","0","0","0","0","7","0.0","0.0","0.3%"
"659","Will Redmond (FA)","0","0","0","0","0","0","0","0","3","0.0","0.0","0.3%"
"660","Miles Killebrew (PIT)","0","0","0","0","0","0","0","0","6","0.0","0.0","0.4%"
"661","Artie Burns (SEA)","0","0","0","0","0","0","0","0","1","0.0","0.0","0.3%"
"662","Anrdre Hal (HOU)","0","0","0","0","0","0","0","0","0","0","0","0.0%"
"663","Anthony Harris (FA)","0","0","0","0","0","0","0","0","2","0.0","0.0","0.3%"
""
""